Workbook

Sheet UZUPELNIJ PRZED LOTEM
A1: NUMER LOTU | B1: 7 | D1: 5
A2: PASAZER PRZOD | B2: 100 | C2: KG | N2: PLANOWANA GODZINA LOTU | O2: 1700 | P2: CET
A3: PASAZER TYL | B3: 70 | C3: KG
A4: PASAZER TYL | B4: 70 | C4: KG
A5: PALIWO T/O | B5: 72 | C5: L
A6: PALIWO LAND | B6: 45 | C6: L
N7: TRASA T: | O7: 6
B8: OE-KMT
N9: DATA | O9: 45480
N10: NR ZLECENIA NA LOT | O10: 39/AOC/2025
N11: HOBBS
N12: PALIWO DOLANE

Sheet PAX
A1: LISTA UCZESNIKÓW LOTU (PASAŻERÓW)
A4: Data | D4: ='W&B'!A4 -> 45480
A5: Typ statku powietrznego | D5: C172R
A6: Znaki | D6: OE-KMT
A7: Dowódca statku powietrznego | D7: SZYMON SKRABA
A8: Trasa lotu | C8: T | D8: ='UZUPELNIJ PRZED LOTEM'!O7 -> 6
A9: Nr zlecenia na lot
A13: LP. | B13: Imię i nazwisko | C13: Adres | E13: Podpis | F13: Waga pasażera | G13: Uwagi
A14: 1. | F14: ='UZUPELNIJ PRZED LOTEM'!B2 -> 100
A15: 2. | F15: ='UZUPELNIJ PRZED LOTEM'!B3 -> 70
A16: 3. | F16: ='UZUPELNIJ PRZED LOTEM'!B4 -> 70
B22: Podpis dowódcy statku
B25: .................................

Sheet W&B Dane
A1: KG/LBS | B1: 2.20462 | D1: 1 | E1: Pusty samolot | F1: =94.1/2.54 -> 37.047244
A2: AVGAS | B2: 0.721 | C2: kg/litr | D2: 2 | E2: Olej | F2: 0
D3: 3 | E3: Paliwo | F3: =14100/294 -> 47.959184
A4: Ważenie samolotu | B4: 757 | C4: kg | D4: 4 | E4: Przednie fotele | F4: 37 | G4: średni zakres
A5: Olej | B5: 8.5 | D5: 5 | E5: Tylne fotele | F5: 73
A6: Paliwo TO litry | B6: ='UZUPELNIJ PRZED LOTEM'!B5 -> 72 | D6: 6 | E6: Bagaż | F6: 95
A7: Paliwo LND litry | B7: ='UZUPELNIJ PRZED LOTEM'!B6 -> 45
A8: Pilot waga | B8: 70 | E8: 1 | F8: 56 | G8: 1600
E9: 2 | F9: 68 | G9: 1950
E10: 3 | F10: 104.5 | G10: 2550
E11: 4 | F11: 120.5 | G11: 2550
E12: 5 | F12: 75 | G12: 1600

Sheet W&B
A1: Aeroklub Nowy Targ | H1: AOC | J1: Arkusz załadowania
A3: DATA | C3: Trasa | G3: NUMER LOTU | K3: ZNAKI REJESTRACYJNE | N3: PAX
A4: ='UZUPELNIJ PRZED LOTEM'!O9 -> 45480 | C4: 6 | H4: 7 | K4: OE-KMT | N4: =COUNT('UZUPELNIJ PRZED LOTEM'!B2:B4) -> 3
A5: 1700 | B5: CET
A6: L.p. | B6: Rodzaj obciążenia | H6: START | L6: LĄDOWANIE
H8: CIĘŻAR | J8: MOMENT/1000 | L8: CIĘŻAR | N8: MOMENT/1000
H10: kg | I10: lbs | J10: lbs*inches | L10: kg | M10: lbs | N10: lbs*inches
A12: 1 | B12: Zdefiniowany ciężar pustego samolotu | H12: ='W&B Dane'!B4 -> 757 | I12: =H12*'W&B Dane'!$B$1 -> 1668.8973 | J12: =I12*'W&B Dane'!F1/1000 -> 61.828047 | L12: =H12 -> 757 | M12: =I12 -> 1668.8973 | N12: =J12 -> 61.828047
A14: 2 | B14: Paliwo | H14: ='W&B Dane'!B6*'W&B Dane'!B2 -> 51.912 | I14: =H14*'W&B Dane'!$B$1 -> 114.44623 | J14: =I14*'W&B Dane'!F3/1000 -> 5.4887479 | L14: ='W&B Dane'!B7*'W&B Dane'!B2 -> 32.445 | M14: =L14*'W&B Dane'!$B$1 -> 71.528896 | N14: =M14*'W&B Dane'!F3/1000 -> 3.4304675
A16: 3 | B16: Pilot + pasażer na przednim fotelu | H16: ='W&B Dane'!B8+PAX!F14 -> 170 | I16: =H16*'W&B Dane'!$B$1 -> 374.7854 | J16: =I16*'W&B Dane'!F4/1000 -> 13.86706 | L16: =H16 -> 170 | M16: =I16 -> 374.7854 | N16: =J16 -> 13.86706
B17: ='W&B Dane'!B8 -> 70 | D17: + | F17: ='UZUPELNIJ PRZED LOTEM'!B2 -> 100
A18: 4 | B18: Pasażerowie na tylnych fotelach | H18: =PAX!F15+PAX!F16 -> 140 | I18: =H18*'W&B Dane'!$B$1 -> 308.6468 | J18: =I18*'W&B Dane'!F5/1000 -> 22.531216 | L18: =H18 -> 140 | M18: =I18 -> 308.6468 | N18: =J18 -> 22.531216
B19: ='UZUPELNIJ PRZED LOTEM'!B3 -> 70 | D19: + | F19: ='UZUPELNIJ PRZED LOTEM'!B4 -> 70
A20: 5 | B20: Bagaż | H20: 0 | I20: =H20*'W&B Dane'!$B$1 -> 0 | J20: =I20*'W&B Dane'!F6/1000 -> 0 | L20: =H20 -> 0 | M20: =L20*'W&B Dane'!$B$1 -> 0 | N20: =M20*'W&B Dane'!F6/1000 -> 0
A22: 6 | B22: Ciężar do startu (max 2300 lbs) | H22: TOW | I22: =SUM(I12:I21) -> 2466.7758 | J22: =SUM(J12:K21) -> 103.71507
A24: 7 | B24: Ciężar do lądowania | L24: LW | M24: =SUM(M12:M21) -> 2423.8584 | N24: =SUM(N12:O21) -> 101.65679
A26: 8 | B26: CG = Moment / Ciężar | H26: CGTOW = | J26: =J22*1000/I22 -> 42.044791 | L26: CGLW = | N26: =N24*1000/M24 -> 41.940069
A28: OPRACOWAŁ | F28: B. GUZIK | I28: PODPIS DOWÓDCY
G32: =J22 -> 103.71507 | H32: =I22 -> 2466.7758
G33: =N24 -> 101.65679 | H33: =M24 -> 2423.8584
